channel,ch_type,perturbation,perturbation_label,dy_mean,dy_p95,rel_err_mean,rel_err_p95,dTb_mean,dTb_p95
fy4a_ch01,reflective,0.01,pert_frac,2.762223696425485,7.322592625335891,0.7972225212148625,2.113418895853397,nan,nan
fy4a_ch01,reflective,0.02,pert_frac,5.5258333133837585,14.644640594090138,1.5948450415546267,4.2266805949910555,nan,nan
fy4a_ch01,reflective,0.03,pert_frac,8.288223741049748,21.96348890982793,2.3921156841074143,6.339018822417103,nan,nan
fy4a_ch01,reflective,0.04,pert_frac,11.050583366742682,29.2862856800871,3.1893774367116254,8.45249663780357,nan,nan
fy4a_ch01,reflective,0.05,pert_frac,13.814666073375209,36.61161945984368,3.987136498397899,10.566706675243772,nan,nan
fy4a_ch01,reflective,0.06,pert_frac,16.57652659554946,43.91549575258456,4.7842542016385385,12.674723734208074,nan,nan
fy4b_ch01,reflective,0.01,pert_frac,2.7175758470843183,7.201183880180638,0.7982244610008609,2.115179647144888,nan,nan
fy4b_ch01,reflective,0.02,pert_frac,5.435991263739795,14.40206733888634,1.596695525962796,4.2302710524951035,nan,nan
fy4b_ch01,reflective,0.03,pert_frac,8.154813240523433,21.61511939356533,2.3952860084708925,6.348936698826427,nan,nan
fy4b_ch01,reflective,0.04,pert_frac,10.871937905720682,28.812523913022257,3.193377945325645,8.46300624699106,nan,nan
fy4b_ch01,reflective,0.05,pert_frac,13.588761663896271,36.00659654719511,3.991381497767711,10.576097131639143,nan,nan
fy4b_ch01,reflective,0.06,pert_frac,16.311317460786057,43.21890611891554,4.7910687027628365,12.694544690935276,nan,nan
fy4a_ch02,reflective,0.01,pert_frac,1.8682354354199338,5.020649978934833,0.7962992764256756,2.139955098600167,nan,nan
fy4a_ch02,reflective,0.02,pert_frac,3.7363249842541464,10.03901760974165,1.5925363715114365,4.278937390385715,nan,nan
fy4a_ch02,reflective,0.03,pert_frac,5.606522278831298,15.059128006440137,2.389671852516965,6.418662502477634,nan,nan
fy4a_ch02,reflective,0.04,pert_frac,7.474256089584633,20.079075713859527,3.1857573211154913,8.55831827140607,nan,nan
fy4a_ch02,reflective,0.05,pert_frac,9.341859054319,25.105570198873547,3.9817870191252305,10.700764477857897,nan,nan
fy4a_ch02,reflective,0.06,pert_frac,11.210876815954277,30.129936647942067,4.778419746992515,12.842303650082943,nan,nan
fy4b_ch02,reflective,0.01,pert_frac,1.8717299846461835,5.028022590833492,0.7992137944622946,2.146925596333699,nan,nan
fy4b_ch02,reflective,0.02,pert_frac,3.74353042548801,10.05836156084773,1.5984576731589206,4.2948402681268085,nan,nan
fy4b_ch02,reflective,0.03,pert_frac,5.615354233883258,15.084345394300238,2.3977115296147264,6.440895331298241,nan,nan
fy4b_ch02,reflective,0.04,pert_frac,7.486133688772554,20.106690149441985,3.1965194554421315,8.585396537017504,nan,nan
fy4b_ch02,reflective,0.05,pert_frac,9.359664893548462,25.138995597308334,3.996502356552472,10.734150879189784,nan,nan
fy4b_ch02,reflective,0.06,pert_frac,11.231356856751699,30.16485719600019,4.795699916161483,12.88015374909206,nan,nan
fy4a_ch03,reflective,0.01,pert_frac,1.2628251526434946,3.429950169877203,0.7890114427373384,2.1430282144657213,nan,nan
fy4a_ch03,reflective,0.02,pert_frac,2.525155963967388,6.860116050576584,1.5777140216886119,4.286191204760595,nan,nan
fy4a_ch03,reflective,0.03,pert_frac,3.788871245241622,10.29348891411451,2.3672816155872507,6.431357913583705,nan,nan
fy4a_ch03,reflective,0.04,pert_frac,5.050323019474614,13.71902505301184,3.155434973356272,8.571628247479477,nan,nan
fy4a_ch03,reflective,0.05,pert_frac,6.311198417858151,17.14185675312567,3.943228212276232,10.71020885169106,nan,nan
fy4a_ch03,reflective,0.06,pert_frac,7.575758115696664,20.577786725217127,4.73332339649904,12.856973238470484,nan,nan
fy4b_ch03,reflective,0.01,pert_frac,1.2831933301025078,3.480136750847137,0.8060883126732252,2.1861846500856954,nan,nan
fy4b_ch03,reflective,0.02,pert_frac,2.5662105716837913,6.9559656991344605,1.612066008422543,4.369663184720735,nan,nan
fy4b_ch03,reflective,0.03,pert_frac,3.849130413060373,10.436387894317518,2.41798251840599,6.556027147882415,nan,nan
fy4b_ch03,reflective,0.04,pert_frac,5.132362389728963,13.91707717741849,3.2240951084382954,8.742558892814806,nan,nan
fy4b_ch03,reflective,0.05,pert_frac,6.416299597361837,17.40109096051647,4.030650717012475,10.931179053054697,nan,nan
fy4b_ch03,reflective,0.06,pert_frac,7.699763055804411,20.873951952364457,4.836908721417055,13.112793149228166,nan,nan
fy4a_ch04,reflective,0.01,pert_frac,0.03383371146507976,0.16873112080119532,0.8154459608346176,4.066686892049734,nan,nan
fy4a_ch04,reflective,0.02,pert_frac,0.06767300642922161,0.33739286250484934,1.63102649282801,8.131701638112327,nan,nan
fy4a_ch04,reflective,0.03,pert_frac,0.10153804867692166,0.506123544899088,2.4472275750794394,12.19837796386098,nan,nan
fy4a_ch04,reflective,0.04,pert_frac,0.13538288988168032,0.6749770966031919,3.262941780244143,16.268015634318846,nan,nan
fy4a_ch04,reflective,0.05,pert_frac,0.16913155718477146,0.8434493466322661,4.076338042261126,20.328463331306516,nan,nan
fy4a_ch04,reflective,0.06,pert_frac,0.2030073316826994,1.0122478176248462,4.892797788718166,24.396773469495912,nan,nan
fy4b_ch04,reflective,0.01,pert_frac,0.033203431665883264,0.16835806597291297,0.7804197405172706,3.9571198387778175,nan,nan
fy4b_ch04,reflective,0.02,pert_frac,0.066400612016504,0.33669074505513485,1.5606925489377577,7.913642979273209,nan,nan
fy4b_ch04,reflective,0.03,pert_frac,0.0995755324806534,0.504622020287436,2.340442156774681,11.860731447727769,nan,nan
fy4b_ch04,reflective,0.04,pert_frac,0.1328448155989799,0.673649303607981,3.1224096822903693,15.833580697671398,nan,nan
fy4b_ch04,reflective,0.05,pert_frac,0.165933375905618,0.8414830323262962,3.9001294646443667,19.778376414403805,nan,nan
fy4b_ch04,reflective,0.06,pert_frac,0.19924117238888675,1.0103717832822492,4.6830022155770274,23.747969573437437,nan,nan
fy4a_ch05,reflective,0.01,pert_frac,0.22257606437714014,0.6018167461967946,0.7993727094318784,2.161399898659625,nan,nan
fy4a_ch05,reflective,0.02,pert_frac,0.44515442457273363,1.204052703980897,1.5987536642005706,4.324305378358744,nan,nan
fy4a_ch05,reflective,0.03,pert_frac,0.6679188657787481,1.8062233089476218,2.398802921205131,6.486976146123126,nan,nan
fy4a_ch05,reflective,0.04,pert_frac,0.8903723245752402,2.4079399437751676,3.1977352977761138,8.64801649894971,nan,nan
fy4a_ch05,reflective,0.05,pert_frac,1.1131407008366716,3.0105915968926995,3.997798687369096,10.812414931208268,nan,nan
fy4a_ch05,reflective,0.06,pert_frac,1.3355987771852176,3.612418460053926,4.796747647686883,12.973851164526303,nan,nan
fy4b_ch05,reflective,0.01,pert_frac,0.22068215031038324,0.5970481640086347,0.7963338574268222,2.1544545711825425,nan,nan
fy4b_ch05,reflective,0.02,pert_frac,0.4415170529543855,1.1945093664137219,1.5932189232540097,4.310399595757213,nan,nan
fy4b_ch05,reflective,0.03,pert_frac,0.6621770581910063,1.7923026593785796,2.3894728699495498,6.4675429726050755,nan,nan
fy4b_ch05,reflective,0.04,pert_frac,0.8827381265679116,2.387838388487832,3.1853698019475796,8.616539906566674,nan,nan
fy4b_ch05,reflective,0.05,pert_frac,1.103309766649458,2.985050074281323,3.981304882052852,10.771584547827493,nan,nan
fy4b_ch05,reflective,0.06,pert_frac,1.3243199905910576,3.582577361848715,4.778822596623984,12.927768041404494,nan,nan
fy4a_ch06,reflective,0.01,pert_frac,0.047399437700116356,0.1272783055574478,0.7971880374884425,2.1406317784640523,nan,nan
fy4a_ch06,reflective,0.02,pert_frac,0.09481662970860877,0.2545614335002363,1.5946746760349992,4.281344662276444,nan,nan
fy4a_ch06,reflective,0.03,pert_frac,0.1421931152762578,0.38180101613699646,2.3914766927956523,6.421325178813212,nan,nan
fy4a_ch06,reflective,0.04,pert_frac,0.18957416209362488,0.5090357580731593,3.1883554229919002,8.561224281966267,nan,nan
fy4a_ch06,reflective,0.05,pert_frac,0.2369899487245605,0.6362774514595724,3.9858184251783904,10.701240298172547,nan,nan
fy4a_ch06,reflective,0.06,pert_frac,0.28436793496306906,0.7634892123434934,4.782645680990718,12.840752894210222,nan,nan
fy4b_ch06,reflective,0.01,pert_frac,0.04744937714432625,0.12740468154071982,0.7986852252928847,2.144522076026566,nan,nan
fy4b_ch06,reflective,0.02,pert_frac,0.09488806511436808,0.25474229993045366,1.5971905265048782,4.28791532063157,nan,nan
fy4b_ch06,reflective,0.03,pert_frac,0.14232031047864227,0.38192624435437283,2.3955873834263737,6.428721868984797,nan,nan
fy4b_ch06,reflective,0.04,pert_frac,0.18975759004135379,0.5094255523302315,3.1940689778124067,8.57483673168668,nan,nan
fy4b_ch06,reflective,0.05,pert_frac,0.23718410961164366,0.6365338984440874,3.9923694560808283,10.71437078170719,nan,nan
fy4b_ch06,reflective,0.06,pert_frac,0.28471098328530586,0.7643149287726579,4.792359131225686,12.865227697820256,nan,nan
fy4a_ch07,ir,0.5,delta_K,0.007339239055118151,0.01884714916994417,1.6644317112806826,4.27425684190191,0.3911977246928194,0.9612686088057193
fy4a_ch07,ir,1.0,delta_K,0.014675474428683858,0.037650976778002845,3.3281822316655605,8.538688989330332,0.782822686961216,1.9247784008888928
fy4a_ch07,ir,1.5,delta_K,0.022029440035057447,0.0565389237802778,4.995953708652642,12.822198180879516,1.1763759667076141,2.893928379866954
fy4a_ch07,ir,2.0,delta_K,0.02935518760537666,0.07531913846674416,6.65732574917414,17.08127526422036,1.570377019291217,3.868257096016202
fy4b_ch07,ir,0.5,delta_K,0.00772138121369721,0.019805893790677112,1.7152541604408595,4.399749317576034,0.4051281940988712,0.9951467654511305
fy4b_ch07,ir,1.0,delta_K,0.015440051828917013,0.039622081156923006,3.429906179219887,8.801785285406925,0.8106378260272852,1.9935067090135177
fy4b_ch07,ir,1.5,delta_K,0.0231695424029835,0.05940187206101941,5.146961780844253,13.19573601804486,1.2180528122253627,2.995966099675182
fy4b_ch07,ir,2.0,delta_K,0.030872476975044586,0.07920135473309041,6.858118140912767,17.594061147699342,1.6259979969580656,4.008538050804291
fy4a_ch09,ir,0.5,delta_K,0.010959549298390806,0.027850966227455184,1.6631221559130889,4.226410934915819,0.39717470197688454,0.9761758823284847
fy4a_ch09,ir,1.0,delta_K,0.021911475914046238,0.05567183452955706,3.325087562383337,8.448254480686405,0.7946036473436519,1.9529685339269451
fy4a_ch09,ir,1.5,delta_K,0.032870082447170476,0.08346844104320819,4.9880666527596995,12.666416276704705,1.1933353417733419,2.935700843621459
fy4a_ch09,ir,2.0,delta_K,0.04383480839885865,0.11140359234245867,6.651974370793814,16.9056023773037,1.5939418572531583,3.9268868807976336
fy4b_ch09,ir,0.5,delta_K,0.011890391374167178,0.030229112221247377,1.6446345812073149,4.1811780414790825,0.39963578042541026,0.9821292739509728
fy4b_ch09,ir,1.0,delta_K,0.023788220192420453,0.06048337373257553,3.290297881937384,8.365834638949982,0.8000981391656578,1.9669964689413149
fy4b_ch09,ir,1.5,delta_K,0.03567362490650158,0.09064018618158069,4.93424272692289,12.537012445625919,1.2010988062807686,2.955069499170316
fy4b_ch09,ir,2.0,delta_K,0.04757698073896736,0.12098608002787672,6.580670503641903,16.734343285861645,1.6040950477240343,3.9519289434805214
fy4a_ch10,ir,0.5,delta_K,0.01713121858211987,0.043485068194180444,1.2678336547930855,3.218208481391764,0.3577383162457235,0.8788094202467192
fy4a_ch10,ir,1.0,delta_K,0.03427480024393307,0.08696968239761384,2.5365822665950355,6.436383364195937,0.7160318058745452,1.7593906532449453
fy4a_ch10,ir,1.5,delta_K,0.051384533783340784,0.13046448157861787,3.802825873365876,9.655312008752402,1.0740802140941463,2.640818616821927
fy4a_ch10,ir,2.0,delta_K,0.0684911800850141,0.17387430038781596,5.068841002291943,12.867951493267164,1.4330234680732479,3.5265611014319216
fy4b_ch10,ir,0.5,delta_K,0.02659261317069168,0.06736028166873234,1.4005689544867124,3.5477039682088916,0.4272364872972355,1.0495744808580034
fy4b_ch10,ir,1.0,delta_K,0.05320427366392599,0.13478792588985258,2.8021410856243265,7.098955759979308,0.8551558159712148,2.101423556435012
fy4b_ch10,ir,1.5,delta_K,0.07978025125647034,0.20221025038062268,4.201833884234836,10.64992737435133,1.2831589220957607,3.1573645564230266
fy4b_ch10,ir,2.0,delta_K,0.10642311927334427,0.2697312736336846,5.605049640557968,14.206097215066318,1.7134524860911233,4.217803276989316
fy4a_ch11,ir,0.5,delta_K,0.04843446341893381,0.12590912201708662,0.9051495065917798,2.3530059305791506,0.4021228510348996,0.9880860546438267
fy4a_ch11,ir,1.0,delta_K,0.09687741879261295,0.2518320138817456,1.810457711930385,4.706269193847799,0.8044796521392895,1.976384269848419
fy4a_ch11,ir,1.5,delta_K,0.14519608344002014,0.37742736579685693,2.7134431561270755,7.053411348244902,1.2061729376937824,2.964097661720389
fy4a_ch11,ir,2.0,delta_K,0.19381706154534067,0.5037954626421133,3.6220782732622165,9.414994659679138,1.6106533048783018,3.958436884252083
fy4b_ch12,ir,0.5,delta_K,0.047714296511387755,0.12419011090035001,0.8886491991709303,2.312963842403201,0.39585631758381057,0.972275838505885
fy4b_ch12,ir,1.0,delta_K,0.0954357721086043,0.2483095923637894,1.7774321043658194,4.624612255320114,0.792034483892359,1.946386624260977
fy4b_ch12,ir,1.5,delta_K,0.14310310331886011,0.3722667519090395,2.6652066039122935,6.93323752311799,1.1879237133211078,2.9197059646882644
fy4b_ch12,ir,2.0,delta_K,0.19079557221415733,0.49673339833640817,3.5534492772623083,9.251351668315003,1.584155710911191,3.8948795069420377
fy4a_ch12,ir,0.5,delta_K,0.04580781249553139,0.11531921277330309,0.7520703724258193,1.8933050624657266,0.42269449096999173,1.0390253575221604
fy4a_ch12,ir,1.0,delta_K,0.091634007755133,0.23071361779678926,1.5044425521519076,3.7878446275308564,0.8456564608699011,2.079168049849396
fy4a_ch12,ir,1.5,delta_K,0.13740166081598246,0.3460241587715595,2.2558535889894884,5.681007316842379,1.2682059118266267,3.1197787700364965
fy4a_ch12,ir,2.0,delta_K,0.18326199873498547,0.46168102066343875,3.0087863211884573,7.579855885634272,1.6918849170274783,4.164044041228857
fy4b_ch13,ir,0.5,delta_K,0.04549653659051577,0.11551210345885024,0.6335370769882454,1.6085004676452481,0.3751877797413677,0.9230210271040106
fy4b_ch13,ir,1.0,delta_K,0.09096416647286741,0.2308723470091649,1.2666716294599438,3.2148862933908005,0.7502004789172518,1.8450236403256552
fy4b_ch13,ir,1.5,delta_K,0.13649481408826097,0.3463898988840443,1.9006837008238853,4.82346262996639,1.1258129170447944,2.7683926428555408
fy4b_ch13,ir,2.0,delta_K,0.1818947611886158,0.4616785237308222,2.532875773821715,6.428851168720523,1.5004080986499375,3.690114937533127
fy4a_ch13,ir,0.5,delta_K,0.03797984519825503,0.09548808779252385,0.6601270875599575,1.6596769408118703,0.40268519383543633,0.9890867437006761
fy4a_ch13,ir,1.0,delta_K,0.07593555326745423,0.19098021973033438,1.319834648062274,3.3194241728488847,0.8051055372360496,1.9782867631083902
fy4a_ch13,ir,1.5,delta_K,0.11396924773649766,0.28655123140940963,1.9808976889445062,4.980542412418887,1.2085106460563768,2.9694481019687515
fy4a_ch13,ir,2.0,delta_K,0.15186866757803774,0.3819095907811104,2.6396269046538263,6.637964545604117,1.6105505505801425,3.957914412491105
fy4b_ch14,ir,0.5,delta_K,0.03754095943485469,0.0944660765236704,0.6462785307270097,1.6262609709058247,0.39536477216029176,0.9716913618409126
fy4b_ch14,ir,1.0,delta_K,0.07509491853151706,0.1889381138616983,1.2927808544113517,3.2526245589637655,0.7909652375143945,1.943472374454412
fy4b_ch14,ir,1.5,delta_K,0.11267088751161453,0.2833972109800406,1.939662084637829,4.878765377377787,1.186925846263288,2.916203330463791
fy4b_ch14,ir,2.0,delta_K,0.1501952643368659,0.3778489002248881,2.5856551409195556,6.504778667095948,1.5823943817282144,3.8894710549397113
fy4a_ch14,ir,0.5,delta_K,0.02955623922199155,0.07266452571851846,0.6923017765811325,1.7020359008302148,0.43141703965966727,1.0746163516006604
fy4a_ch14,ir,1.0,delta_K,0.05909612176777197,0.145204478710265,1.384220427423064,3.4011539094546595,0.8627286774770188,2.148191006438503
fy4a_ch14,ir,1.5,delta_K,0.08863493255503642,0.2178659423443482,2.0761139742482397,5.10311808646106,1.2943332049606115,3.2245862387740667
fy4a_ch14,ir,2.0,delta_K,0.11818256104509178,0.2904076611740314,2.7682140599115153,6.8022774566650845,1.7264421288903644,4.300939549728895
fy4b_ch15,ir,0.5,delta_K,0.023472950558361523,0.061038402952375025,0.644605403123994,1.6762138293323667,0.35611013486214,0.8929935610607691
fy4b_ch15,ir,1.0,delta_K,0.046941513072039406,0.12209331688559716,1.2890903034034396,3.3528810770553386,0.7121105979678579,1.7854633984993844
fy4b_ch15,ir,1.5,delta_K,0.07041869922732834,0.18314630853843408,1.933812022908626,5.029495535832177,1.0682548255983895,2.678367763441403
fy4b_ch15,ir,2.0,delta_K,0.093943268357475,0.24431843909790638,2.5798349559759273,6.709381742774993,1.4250525181767941,3.5716252586712605
