channel,ch_type,perturbation,perturbation_label,dy_mean,dy_p95,rel_err_mean,dTb_mean,dTb_p95
fy4a_ch01,reflective,0.005,pert_frac,1.3811118482127427,3.6612963126679996,0.3986112606074313,nan,nan
fy4a_ch01,reflective,0.01,pert_frac,2.7629166566918792,7.322320297045068,0.7974225207773133,nan,nan
fy4a_ch01,reflective,0.02,pert_frac,5.525482494033179,14.642325939885287,1.5947437894049468,nan,nan
fy4a_ch01,reflective,0.03,pert_frac,8.287937525057005,21.96471426006534,2.3920330775337173,nan,nan
fy4a_ch01,reflective,0.04,pert_frac,11.051732858700166,29.289295567874913,3.1897091987183184,nan,nan
fy4a_ch01,reflective,0.05,pert_frac,13.813772162957841,36.59624646048718,3.9868785013654366,nan,nan
fy4b_ch01,reflective,0.005,pert_frac,1.3587879235421594,3.6005919400903728,0.39911223050043054,nan,nan
fy4b_ch01,reflective,0.01,pert_frac,2.717995631869898,7.20103366944317,0.7983477629813982,nan,nan
fy4b_ch01,reflective,0.02,pert_frac,5.43654216034896,14.410079595710293,1.5968573389805965,nan,nan
fy4b_ch01,reflective,0.03,pert_frac,8.153953429290494,21.609392934766653,2.3950334589942286,nan,nan
fy4b_ch01,reflective,0.04,pert_frac,10.871009331116978,28.80527723775603,3.193105198214158,nan,nan
fy4b_ch01,reflective,0.05,pert_frac,13.592764550655026,36.01575509909632,3.9925572523023574,nan,nan
fy4a_ch02,reflective,0.005,pert_frac,0.9341177177099669,2.510324989467416,0.3981496382128378,nan,nan
fy4a_ch02,reflective,0.01,pert_frac,1.8681624921270734,5.019508804870852,0.7962681857557184,nan,nan
fy4a_ch02,reflective,0.02,pert_frac,3.7376815192208572,10.039418670960108,1.5931145683446397,nan,nan
fy4a_ch02,reflective,0.03,pert_frac,5.605692067188477,15.059306785394643,2.38931799083662,nan,nan
fy4a_ch02,reflective,0.04,pert_frac,7.4734872434552315,20.08445615909884,3.1854296153001975,nan,nan
fy4a_ch02,reflective,0.05,pert_frac,9.342397346628571,25.108280539951668,3.982016455827099,nan,nan
fy4b_ch02,reflective,0.005,pert_frac,0.9358649923230917,2.5140112954168017,0.3996068972311473,nan,nan
fy4b_ch02,reflective,0.01,pert_frac,1.8717652127440056,5.0291807804238395,0.7992288365794606,nan,nan
fy4b_ch02,reflective,0.02,pert_frac,3.7435694892555214,10.056230262866864,1.5984743530764913,nan,nan
fy4b_ch02,reflective,0.03,pert_frac,5.614600266579415,15.080017612081503,2.397389591581598,nan,nan
fy4b_ch02,reflective,0.04,pert_frac,7.487731914838747,20.111196477846672,3.1972018852419684,nan,nan
fy4b_ch02,reflective,0.05,pert_frac,9.359464047293073,25.13738099666681,3.996416596801232,nan,nan
fy4a_ch03,reflective,0.005,pert_frac,0.6314125763217473,1.7149750849385885,0.3945057213686692,nan,nan
fy4a_ch03,reflective,0.01,pert_frac,1.262577981983694,3.43005802528828,0.7888570108443059,nan,nan
fy4a_ch03,reflective,0.02,pert_frac,2.525914163494427,6.862325942742989,1.5781877437248415,nan,nan
fy4a_ch03,reflective,0.03,pert_frac,3.7877422646059657,10.289268789758859,2.3665762300172077,nan,nan
fy4a_ch03,reflective,0.04,pert_frac,5.048958734286523,13.713485402500504,3.1545825698209873,nan,nan
fy4a_ch03,reflective,0.05,pert_frac,6.313131763080535,17.14815560434761,3.944436163749189,nan,nan
fy4b_ch03,reflective,0.005,pert_frac,0.641596665051254,1.7400683754235422,0.4030441563366127,nan,nan
fy4b_ch03,reflective,0.01,pert_frac,1.2831052858418954,3.4779828495672303,0.8060330042112713,nan,nan
fy4b_ch03,reflective,0.02,pert_frac,2.5660869420402492,6.957591929545002,1.6119883456039936,nan,nan
fy4b_ch03,reflective,0.03,pert_frac,3.8492717922967334,10.437807883063867,2.4180713313287283,nan,nan
fy4b_ch03,reflective,0.04,pert_frac,5.133039677889455,13.920872768413185,3.2245205736099707,nan,nan
fy4b_ch03,reflective,0.05,pert_frac,6.4164692131703305,17.39495996030371,4.030757267847538,nan,nan
fy4a_ch04,reflective,0.005,pert_frac,0.01691685573253988,0.08436556040059943,0.4077229804173088,nan,nan
fy4a_ch04,reflective,0.01,pert_frac,0.033836503214610805,0.1686964312524228,0.815513246414005,nan,nan
fy4a_ch04,reflective,0.02,pert_frac,0.0676920324512813,0.3374156965993919,1.631485050052964,nan,nan
fy4a_ch04,reflective,0.03,pert_frac,0.10153716741126041,0.5062328224523932,2.447206335183112,nan,nan
fy4a_ch04,reflective,0.04,pert_frac,0.13530524574781702,0.6747594773058113,3.261070433808897,nan,nan
fy4a_ch04,reflective,0.05,pert_frac,0.16917277640225,0.8435398480207046,4.077331490598484,nan,nan
fy4b_ch04,reflective,0.005,pert_frac,0.01660171583294163,0.08417903298645582,0.3902098702586352,nan,nan
fy4b_ch04,reflective,0.01,pert_frac,0.033200306008252,0.1683453725275675,0.7803462744688788,nan,nan
fy4b_ch04,reflective,0.02,pert_frac,0.06638368832043574,0.3364146801916263,1.5602947711831243,nan,nan
fy4b_ch04,reflective,0.03,pert_frac,0.09963361169923496,0.5052369777059871,2.341807261717778,nan,nan
fy4b_ch04,reflective,0.04,pert_frac,0.13274670072449438,0.6731864258610363,3.120103571715493,nan,nan
fy4b_ch04,reflective,0.05,pert_frac,0.16603431032407195,0.841976486068542,3.902501846314182,nan,nan
fy4a_ch05,reflective,0.005,pert_frac,0.11128803218857007,0.3009083730984008,0.3996863547159392,nan,nan
fy4a_ch05,reflective,0.01,pert_frac,0.22257721228636682,0.602026351990452,0.7993768321002853,nan,nan
fy4a_ch05,reflective,0.02,pert_frac,0.44527924385249773,1.2041488726317469,1.5992019474700838,nan,nan
fy4a_ch05,reflective,0.03,pert_frac,0.6677792434314309,1.8059549578313756,2.398301473332088,nan,nan
fy4a_ch05,reflective,0.04,pert_frac,0.8905125606693401,2.408473277514156,3.1982389498952872,nan,nan
fy4a_ch05,reflective,0.05,pert_frac,1.1129989809876806,3.010348716711604,3.997289706405733,nan,nan
fy4b_ch05,reflective,0.005,pert_frac,0.11034107515519159,0.2985240820043171,0.39816692871341103,nan,nan
fy4b_ch05,reflective,0.01,pert_frac,0.22075852647719274,0.5972546832068608,0.7966094616270049,nan,nan
fy4b_ch05,reflective,0.02,pert_frac,0.4414513721273388,1.1948684395857176,1.5929819132997045,nan,nan
fy4b_ch05,reflective,0.03,pert_frac,0.6620535949259341,1.7908787913658755,2.389027351460686,nan,nan
fy4b_ch05,reflective,0.04,pert_frac,0.8826478133195658,2.3880400594250593,3.1850439056422792,nan,nan
fy4b_ch05,reflective,0.05,pert_frac,1.103599992159214,2.985481134873929,3.9823521638533164,nan,nan
fy4a_ch06,reflective,0.005,pert_frac,0.023699718850058175,0.06363915277872308,0.39859401874422123,nan,nan
fy4a_ch06,reflective,0.01,pert_frac,0.0474083148543044,0.12728071675011643,0.7973373380174998,nan,nan
fy4a_ch06,reflective,0.02,pert_frac,0.09479541018417167,0.2545340107579982,1.5943177951970984,nan,nan
fy4a_ch06,reflective,0.03,pert_frac,0.14218062157021905,0.38177681855486983,2.3912665672439317,nan,nan
fy4a_ch06,reflective,0.04,pert_frac,0.18959195897964864,0.509021961167658,3.1886547401427165,nan,nan
fy4a_ch06,reflective,0.05,pert_frac,0.23697327913589053,0.636241010286245,3.9855380674922585,nan,nan
fy4b_ch06,reflective,0.005,pert_frac,0.023724688572163127,0.0637023407703582,0.39934261264644233,nan,nan
fy4b_ch06,reflective,0.01,pert_frac,0.04744403255718404,0.1273711499652273,0.7985952632524391,nan,nan
fy4b_ch06,reflective,0.02,pert_frac,0.09488020698576141,0.2546174962362479,1.5970582556175807,nan,nan
fy4b_ch06,reflective,0.03,pert_frac,0.1423181925310158,0.3820691642476734,2.3955517333593126,nan,nan
fy4b_ch06,reflective,0.04,pert_frac,0.18974728768931545,0.5092271187552698,3.193895564864672,nan,nan
fy4b_ch06,reflective,0.05,pert_frac,0.2372591527377553,0.6369291073105483,3.9936326093547447,nan,nan
fy4a_ch07,ir,0.5,delta_K,0.007378239092650571,0.01812770754324986,1.6732763474510803,0.4142775011230518,1.061874371695054
fy4a_ch07,ir,1.0,delta_K,0.014754148097650785,0.03624861417604653,3.3460242652180763,0.8293460487108394,2.1269558604489327
fy4a_ch07,ir,2.0,delta_K,0.02952674992044221,0.072509012640641,6.696233564481871,1.6664334828405605,4.280306851761019
fy4a_ch07,ir,3.0,delta_K,0.04426983884282022,0.10870683540980973,10.039749771046132,2.517605118821273,6.487558810328656
fy4a_ch07,ir,4.0,delta_K,0.059028862830397766,0.1449722315561368,13.386879816543862,3.3962349355581094,8.780119932018174
fy4a_ch07,ir,5.0,delta_K,0.0737507580214734,0.18114027991080067,16.725589595875665,4.313943612460858,11.20795722443751
fy4b_ch07,ir,0.5,delta_K,0.007763424851726425,0.019065611122601474,1.7245938786925308,0.42997775107268227,1.1041123066896772
fy4b_ch07,ir,1.0,delta_K,0.015517351344942842,0.038119880306931565,3.447077759380722,0.8603353813015986,2.2123894782127915
fy4b_ch07,ir,2.0,delta_K,0.031043551260711035,0.07628721251354795,6.896121170696258,1.7290121780020786,4.452746154647501
fy4b_ch07,ir,3.0,delta_K,0.046548865967483095,0.11431939524096889,10.340525069904977,2.614394872616375,6.748728256480261
fy4b_ch07,ir,4.0,delta_K,0.06206984129788635,0.1524288358018907,13.788407873871156,3.5234247597905486,9.14087569859836
fy4b_ch07,ir,5.0,delta_K,0.07758125841462966,0.1905029161429597,17.234167383404277,4.459058392129492,11.661307928587513
fy4a_ch09,ir,0.5,delta_K,0.011018728540516307,0.027070256835974593,1.6721026628727609,0.4152937942551549,1.0565377774345661
fy4a_ch09,ir,1.0,delta_K,0.022046286542002986,0.054164040976810525,3.3455452049471917,0.8317004926095246,2.1176065857995496
fy4a_ch09,ir,2.0,delta_K,0.04408131468234805,0.1082963022620431,6.689381936605231,1.6689042887861276,4.257808485389305
fy4a_ch09,ir,3.0,delta_K,0.06613120790651966,0.16246139558042683,10.035474459043376,2.519127766492004,6.444423790461563
fy4a_ch09,ir,4.0,delta_K,0.0881517370500666,0.21653577950112274,13.377110953980273,3.390347322910707,8.705886993366448
fy4a_ch09,ir,5.0,delta_K,0.1102277589304553,0.2707479125709153,16.72716852515133,4.290075844863807,11.086891728226398
fy4b_ch09,ir,0.5,delta_K,0.011955930758523699,0.02936863755067334,1.653699744375783,0.41754950643639155,1.060392521504262
fy4b_ch09,ir,1.0,delta_K,0.0239065095093629,0.0587394778611438,3.3066592190127633,0.8356793463348621,2.123687777480633
fy4b_ch09,ir,2.0,delta_K,0.04784093601222848,0.11751898089255043,6.617179812430544,1.6778530026762184,4.271414963797293
fy4b_ch09,ir,3.0,delta_K,0.07178534426256777,0.17632359801213587,9.929081043924866,2.5330772258263474,6.467042798295459
fy4b_ch09,ir,4.0,delta_K,0.09567794050114387,0.23516845560940192,13.233815831221833,3.4069810052765073,8.737317478527311
fy4b_ch09,ir,5.0,delta_K,0.11963867974564733,0.2939426773010044,16.547975904910892,4.319919166434413,11.129428067413288
fy4a_ch10,ir,0.5,delta_K,0.01724374102689352,0.042368074763859495,1.276161126754276,0.37426906397199555,0.9493698404739643
fy4a_ch10,ir,1.0,delta_K,0.03449145504230552,0.08471830081768335,2.552616283295732,0.749067836364257,1.9000821768566758
fy4a_ch10,ir,2.0,delta_K,0.06893358958032285,0.16932172054768624,5.10158249377801,1.500067881877404,3.809939746976929
fy4a_ch10,ir,3.0,delta_K,0.10351053811085031,0.2541848295993027,7.660525911428713,2.2605224666811914,5.749253197223881
fy4a_ch10,ir,4.0,delta_K,0.13800192707258374,0.3389713505302136,10.21313730428581,3.0295860240098054,7.716123583306437
fy4a_ch10,ir,5.0,delta_K,0.17253066816690008,0.4239202289291442,12.768513024183619,3.816548320496672,9.756625511341442
fy4b_ch10,ir,0.5,delta_K,0.02675445403363643,0.06573601533765924,1.409092723352631,0.4455243762510476,1.12879973086497
fy4b_ch10,ir,1.0,delta_K,0.05349666746225611,0.13141708630114138,2.817540763489643,0.8913182075885748,2.2592885403882472
fy4b_ch10,ir,2.0,delta_K,0.10701766271277152,0.2627831675178725,5.636362813054806,1.7874652784661471,4.533769968348544
fy4b_ch10,ir,3.0,delta_K,0.1605595740657247,0.39432472246538647,8.456286463411706,2.692987884244452,6.845693020621286
fy4b_ch10,ir,4.0,delta_K,0.21399430213529863,0.5256413568243811,11.270565028113529,3.6125075481079354,9.204854514617901
fy4b_ch10,ir,5.0,delta_K,0.26756087066192524,0.6576367160929666,14.091787312483216,4.560324196924626,11.648350747081038
fy4a_ch11,ir,0.5,delta_K,0.049235364403472544,0.1209750044015366,0.9201168476091416,0.44364548730947523,1.1652145255243451
fy4a_ch11,ir,1.0,delta_K,0.09844182677790536,0.24178427712398748,1.8396935703675434,0.8875340902047938,2.3309004952382413
fy4a_ch11,ir,2.0,delta_K,0.19695330774212505,0.483719106411752,3.6806888471631964,1.7792567722099386,4.670371012960341
fy4a_ch11,ir,3.0,delta_K,0.2952404225263872,0.7250832179450879,5.51749113981597,2.6763723025180606,7.020790584176023
fy4a_ch11,ir,4.0,delta_K,0.39391399544026806,0.967654913993953,7.361515611897411,3.582837825596861,9.39242323636664
fy4a_ch11,ir,5.0,delta_K,0.4921111379370084,1.2083392506445634,9.196636490823085,4.485126859339134,11.76552157194861
fy4b_ch12,ir,0.5,delta_K,0.048516651643118795,0.1191998713037046,0.9035925661991606,0.4365548747106963,1.145367808175434
fy4b_ch12,ir,1.0,delta_K,0.09696913022250028,0.23824745858202556,1.8059899488607227,0.8729289618502417,2.288197988353002
fy4b_ch12,ir,2.0,delta_K,0.19393310664099203,0.4766343986776291,3.6118839113161174,1.7492488778217423,4.586953047265939
fy4b_ch12,ir,3.0,delta_K,0.29096528407555644,0.7148168599117735,5.419048075424829,2.634458787267145,6.900368189800831
fy4b_ch12,ir,4.0,delta_K,0.38803266007648063,0.9531491530694998,7.226867791015897,3.533106762105265,9.238856134253664
fy4b_ch12,ir,5.0,delta_K,0.48480714994369634,1.1903571682534162,9.02923268389767,4.44327924381034,11.602535842313964
fy4a_ch12,ir,0.5,delta_K,0.04630078214011225,0.11376145780145831,0.7601639233726303,0.4435531556306379,1.1286031327953279
fy4a_ch12,ir,1.0,delta_K,0.09257579121062075,0.22730557975919274,1.5199047057786985,0.8870081201969786,2.2560937697421406
fy4a_ch12,ir,2.0,delta_K,0.18513484134271108,0.4548146954158153,3.0395345573681385,1.7754003200238337,4.516785321811434
fy4a_ch12,ir,3.0,delta_K,0.277705395308985,0.6818605284532152,4.559353278331326,2.6669095941196486,6.781545685908403
fy4a_ch12,ir,4.0,delta_K,0.3704111424885708,0.9098976173683606,6.081391594702935,3.5649557050151293,9.070286106968327
fy4a_ch12,ir,5.0,delta_K,0.46291693871010653,1.1372843227904457,7.600147126254764,4.4643408122744965,11.358260034142319
fy4b_ch13,ir,0.5,delta_K,0.046102035722740894,0.11327913658619546,0.6419686231914521,0.393148710989686,0.9902360289185678
fy4b_ch13,ir,1.0,delta_K,0.09225048215551794,0.22657068929896354,1.2845835132810175,0.7867432373518342,1.9814585900635702
fy4b_ch13,ir,2.0,delta_K,0.1843858750985583,0.4530030576691791,2.5675644148309016,1.573357882696749,3.9636101285638317
fy4b_ch13,ir,3.0,delta_K,0.2765990341519775,0.6793832110867297,3.8516282057158917,2.3617108179646413,5.951090467898185
fy4b_ch13,ir,4.0,delta_K,0.3686179885355174,0.905565351705121,5.132987705942449,3.1508888838957794,7.942311747903943
fy4b_ch13,ir,5.0,delta_K,0.46088718276924007,1.1317972146007629,6.417831784009681,3.9443895182640794,9.943026993666717
fy4a_ch13,ir,0.5,delta_K,0.03837455500768436,0.09427344691248694,0.6669875325030533,0.4185802591510417,1.0536567016371725
fy4a_ch13,ir,1.0,delta_K,0.07677714307682315,0.18853847524648792,1.3344623072030326,0.8376692393660179,2.1080627469419446
fy4a_ch13,ir,2.0,delta_K,0.15356281783038614,0.3773523565884364,2.669072903344287,1.6760197683933578,4.221209685975418
fy4a_ch13,ir,3.0,delta_K,0.23038824776481262,0.565868130711815,4.004374483654166,2.516423823397087,6.338441797045102
fy4a_ch13,ir,4.0,delta_K,0.30715029928774334,0.7542759646706287,5.338574484798136,3.3586604967815537,8.46017453089315
fy4a_ch13,ir,5.0,delta_K,0.3837978454986206,0.943100727242942,6.670784270927762,4.203024736659787,10.590891564538921
fy4b_ch14,ir,0.5,delta_K,0.03796906634216927,0.09326433034932421,0.6536485155973609,0.4113454754349439,1.0345900240515389
fy4b_ch14,ir,1.0,delta_K,0.07595461187586586,0.1865860091736421,1.3075807252677603,0.8228970706972158,2.069354040683623
fy4b_ch14,ir,2.0,delta_K,0.15188923119976974,0.3733686645227574,2.6148172729411816,1.6462888284885013,4.14340315118043
fy4b_ch14,ir,3.0,delta_K,0.22770445404990972,0.5594067799793078,3.9199983756073427,2.469757252706967,6.2157972409669116
fy4b_ch14,ir,4.0,delta_K,0.30373378679411844,0.7460151873721617,5.2288654423467715,3.297843898017421,8.302228961942088
fy4b_ch14,ir,5.0,delta_K,0.37975506189759417,0.9330071049519103,6.537593794458433,4.128970931850649,10.39638388379623
fy4a_ch14,ir,0.5,delta_K,0.0301425931658803,0.07505057807602723,0.7060360637484084,0.4464557048062768,1.1534707465351017
fy4a_ch14,ir,1.0,delta_K,0.0602883897140586,0.1501374309395761,1.4121471609690837,0.8932030080045772,2.308508004854875
fy4a_ch14,ir,2.0,delta_K,0.12060295742320948,0.30028379488919077,2.8249074944183867,1.788216566301575,4.624816205029743
fy4a_ch14,ir,3.0,delta_K,0.1808996205593981,0.45049339308195135,4.23724844542943,2.686084444687382,6.951101366758256
fy4a_ch14,ir,4.0,delta_K,0.24110631771191038,0.6005353288771798,5.647482104986268,3.5872865364513613,9.293818354963786
fy4a_ch14,ir,5.0,delta_K,0.3015598582926655,0.7510214682318669,7.06349762814985,4.49913251527424,11.67593248388504
fy4b_ch15,ir,0.5,delta_K,0.023280660537070914,0.05821559489221592,0.6393248063629446,0.3576371305267657,0.8790054419632382
fy4b_ch15,ir,1.0,delta_K,0.04656717505202443,0.11645888021914116,1.2788103724805484,0.7153650452065028,1.757405654624223
fy4b_ch15,ir,2.0,delta_K,0.09310760807404138,0.23280439335246178,2.5568863653188587,1.4302144445112692,3.5143613836136067
fy4b_ch15,ir,3.0,delta_K,0.13957846161429618,0.349234981763462,3.8330515924109148,2.1439992049801386,5.271205877898293
fy4b_ch15,ir,4.0,delta_K,0.18616160231315834,0.4659307723591918,5.112300407523137,2.858804866899053,7.028788127005302
fy4b_ch15,ir,5.0,delta_K,0.23271744125277546,0.5824729593467896,6.39079947191781,3.5732072841166227,8.778804147341626
